datetime,open,high,low,close,volume
2026-03-01 08:00:00,1.08497,1.08508,1.08486,1.085,256
2026-03-01 08:05:00,1.08519,1.08548,1.0851,1.08515,1198
2026-03-01 08:10:00,1.08502,1.08539,1.08504,1.08511,983
2026-03-01 08:15:00,1.08525,1.08564,1.08516,1.0853,1253
2026-03-01 08:20:00,1.08575,1.08577,1.08567,1.08576,1073
2026-03-01 08:25:00,1.08567,1.08577,1.08562,1.08569,1207
2026-03-01 08:30:00,1.08564,1.08563,1.08539,1.08562,1145
2026-03-01 08:35:00,1.08614,1.0865,1.08587,1.08609,948
2026-03-01 08:40:00,1.08635,1.08634,1.0862,1.08632,847
2026-03-01 08:45:00,1.08613,1.08644,1.08606,1.08618,1088
2026-03-01 08:50:00,1.08644,1.08647,1.08628,1.08634,120
2026-03-01 08:55:00,1.08629,1.08628,1.08614,1.08621,402
2026-03-01 09:00:00,1.08616,1.08626,1.08582,1.08607,968
2026-03-01 09:05:00,1.08623,1.08624,1.08596,1.08614,183
2026-03-01 09:10:00,1.08549,1.08577,1.08552,1.08556,1380
2026-03-01 09:15:00,1.08501,1.08506,1.08495,1.08505,669
2026-03-01 09:20:00,1.08489,1.08507,1.08467,1.08488,1033
2026-03-01 09:25:00,1.08465,1.08477,1.08443,1.08457,1285
2026-03-01 09:30:00,1.08467,1.08477,1.08439,1.08467,1286
2026-03-01 09:35:00,1.08441,1.08451,1.08409,1.0844,1108
2026-03-01 09:40:00,1.08404,1.08413,1.08385,1.08397,892
2026-03-01 09:45:00,1.08442,1.08443,1.08415,1.08441,891
2026-03-01 09:50:00,1.08436,1.08455,1.08399,1.08434,1394
2026-03-01 09:55:00,1.08434,1.08447,1.08394,1.08436,591
2026-03-01 10:00:00,1.08391,1.08418,1.0836,1.08394,307
2026-03-01 10:05:00,1.08386,1.08416,1.08373,1.08377,1183
2026-03-01 10:10:00,1.08384,1.08382,1.08379,1.08381,529
2026-03-01 10:15:00,1.08343,1.0836,1.08335,1.08346,1084
2026-03-01 10:20:00,1.08357,1.08361,1.08349,1.08357,1432
2026-03-01 10:25:00,1.08332,1.08341,1.08338,1.08339,619
2026-03-01 10:30:00,1.08328,1.08335,1.08309,1.08331,690
2026-03-01 10:35:00,1.0832,1.08325,1.08311,1.08313,1150
2026-03-01 10:40:00,1.08377,1.08383,1.08365,1.08368,298
2026-03-01 10:45:00,1.08365,1.08379,1.08361,1.08368,486
2026-03-01 10:50:00,1.08345,1.08348,1.08335,1.08336,448
2026-03-01 10:55:00,1.08359,1.08367,1.08355,1.08361,1059
2026-03-01 11:00:00,1.08315,1.0837,1.0829,1.08324,792
2026-03-01 11:05:00,1.08328,1.0836,1.08303,1.0833,477
2026-03-01 11:10:00,1.08274,1.08299,1.08257,1.08272,998
2026-03-01 11:15:00,1.08229,1.08265,1.08229,1.08232,1015
2026-03-01 11:20:00,1.08239,1.08243,1.08234,1.08238,626
2026-03-01 11:25:00,1.08259,1.08272,1.0826,1.0826,1276
2026-03-01 11:30:00,1.08256,1.08271,1.08258,1.08265,833
2026-03-01 11:35:00,1.08263,1.08323,1.0825,1.08261,305
2026-03-01 11:40:00,1.08243,1.08274,1.08236,1.08252,554
2026-03-01 11:45:00,1.082,1.08211,1.08204,1.08208,1396
2026-03-01 11:50:00,1.08192,1.08205,1.08166,1.08186,1359
2026-03-01 11:55:00,1.08182,1.08205,1.08165,1.08173,620
2026-03-01 12:00:00,1.08212,1.08208,1.0817,1.08204,1116
2026-03-01 12:05:00,1.08225,1.0823,1.08194,1.08215,1055
2026-03-01 12:10:00,1.0817,1.0819,1.08153,1.08162,825
2026-03-01 12:15:00,1.08168,1.08185,1.08167,1.08172,1113
2026-03-01 12:20:00,1.08169,1.08182,1.0814,1.0816,600
2026-03-01 12:25:00,1.08144,1.08174,1.08107,1.0814,216
2026-03-01 12:30:00,1.08151,1.08176,1.08138,1.08158,485
2026-03-01 12:35:00,1.08199,1.08189,1.08152,1.08189,1467
2026-03-01 12:40:00,1.08211,1.08247,1.08191,1.08217,683
2026-03-01 12:45:00,1.08196,1.08194,1.0818,1.08192,494
2026-03-01 12:50:00,1.0819,1.08199,1.08181,1.08182,1187
2026-03-01 12:55:00,1.08188,1.08222,1.08182,1.08192,820
2026-03-01 13:00:00,1.08219,1.08233,1.08207,1.08222,171
2026-03-01 13:05:00,1.08199,1.08228,1.08203,1.08207,373
2026-03-01 13:10:00,1.08197,1.08206,1.08187,1.08202,1443
2026-03-01 13:15:00,1.08162,1.08186,1.08156,1.08168,437
2026-03-01 13:20:00,1.08137,1.08161,1.08105,1.08133,1489
2026-03-01 13:25:00,1.08163,1.08176,1.08139,1.08157,706
2026-03-01 13:30:00,1.08193,1.08236,1.08171,1.08198,265
2026-03-01 13:35:00,1.0819,1.08224,1.08176,1.08196,110
2026-03-01 13:40:00,1.08216,1.08237,1.08205,1.08226,1424
2026-03-01 13:45:00,1.08238,1.08249,1.08217,1.08236,828
2026-03-01 13:50:00,1.0822,1.08227,1.08164,1.08217,900
2026-03-01 13:55:00,1.08222,1.0824,1.08218,1.08228,201
2026-03-01 14:00:00,1.08277,1.08291,1.0827,1.08274,878
2026-03-01 14:05:00,1.08264,1.08274,1.08256,1.08273,313
2026-03-01 14:10:00,1.08313,1.08337,1.08306,1.0832,1211
2026-03-01 14:15:00,1.08242,1.08246,1.08229,1.08241,500
2026-03-01 14:20:00,1.08261,1.08267,1.08264,1.08266,687
2026-03-01 14:25:00,1.08264,1.08274,1.08218,1.08269,988
2026-03-01 14:30:00,1.08268,1.08278,1.08258,1.0826,1169
2026-03-01 14:35:00,1.08254,1.08274,1.08239,1.08262,691
2026-03-01 14:40:00,1.08203,1.08218,1.08189,1.08203,1433
2026-03-01 14:45:00,1.08189,1.08206,1.08195,1.08196,1209
2026-03-01 14:50:00,1.08211,1.08227,1.08172,1.08207,191
2026-03-01 14:55:00,1.08243,1.08253,1.08238,1.08251,772
2026-03-01 15:00:00,1.08238,1.08251,1.082,1.08236,813
2026-03-01 15:05:00,1.08221,1.08244,1.08197,1.08211,1035
2026-03-01 15:10:00,1.08188,1.08207,1.08185,1.08196,341
2026-03-01 15:15:00,1.08232,1.08237,1.08211,1.08224,101
2026-03-01 15:20:00,1.08238,1.08245,1.08215,1.08234,324
2026-03-01 15:25:00,1.08209,1.08233,1.08206,1.08218,900
2026-03-01 15:30:00,1.08224,1.08269,1.08202,1.08233,688
2026-03-01 15:35:00,1.08235,1.08269,1.08221,1.08236,215
2026-03-01 15:40:00,1.08262,1.08266,1.0826,1.08265,1017
2026-03-01 15:45:00,1.08245,1.08249,1.08243,1.08244,1226
2026-03-01 15:50:00,1.08238,1.08252,1.08222,1.08234,293
2026-03-01 15:55:00,1.08226,1.08236,1.08219,1.08223,1289
2026-03-01 16:00:00,1.08176,1.08212,1.08152,1.08179,970
2026-03-01 16:05:00,1.08183,1.08189,1.0818,1.08188,189
2026-03-01 16:10:00,1.08189,1.08219,1.08183,1.08195,221
2026-03-01 16:15:00,1.08189,1.08208,1.08184,1.08195,242
2026-03-01 16:20:00,1.08196,1.08189,1.08166,1.08188,1093
2026-03-01 16:25:00,1.08146,1.08163,1.08129,1.08146,205
2026-03-01 16:30:00,1.08142,1.08141,1.08124,1.08133,986
2026-03-01 16:35:00,1.08122,1.08143,1.08122,1.08123,527
2026-03-01 16:40:00,1.081,1.08111,1.08066,1.08099,1428
2026-03-01 16:45:00,1.08086,1.08111,1.08085,1.08094,416
2026-03-01 16:50:00,1.08109,1.08129,1.08102,1.08106,734
2026-03-01 16:55:00,1.08171,1.08174,1.08158,1.08163,108
2026-03-01 17:00:00,1.08175,1.08197,1.08142,1.08168,873
2026-03-01 17:05:00,1.08171,1.08225,1.08154,1.08176,1196
2026-03-01 17:10:00,1.08172,1.0819,1.08153,1.08174,1482
2026-03-01 17:15:00,1.08124,1.08128,1.08115,1.08116,322
2026-03-01 17:20:00,1.08123,1.08119,1.08101,1.08115,652
2026-03-01 17:25:00,1.08113,1.08124,1.08116,1.08117,1493
2026-03-01 17:30:00,1.082,1.08203,1.0819,1.08191,815
2026-03-01 17:35:00,1.08179,1.08187,1.08166,1.08185,1387
2026-03-01 17:40:00,1.0819,1.08197,1.08184,1.08194,1441
2026-03-01 17:45:00,1.08201,1.08216,1.08191,1.08193,1207
2026-03-01 17:50:00,1.08166,1.08163,1.08149,1.08158,1441
2026-03-01 17:55:00,1.08182,1.08199,1.08183,1.08192,210
2026-03-01 18:00:00,1.08218,1.08223,1.08209,1.08215,350
2026-03-01 18:05:00,1.08242,1.08249,1.08235,1.08239,482
2026-03-01 18:10:00,1.08205,1.0822,1.08201,1.08211,106
2026-03-01 18:15:00,1.08245,1.08262,1.08229,1.08254,558
2026-03-01 18:20:00,1.08201,1.08219,1.08193,1.08211,1207
2026-03-01 18:25:00,1.08224,1.08235,1.08225,1.08229,307
2026-03-01 18:30:00,1.08297,1.08337,1.08286,1.08295,999
2026-03-01 18:35:00,1.08273,1.08282,1.08236,1.08265,1437
2026-03-01 18:40:00,1.08242,1.08255,1.08244,1.08248,121
2026-03-01 18:45:00,1.0825,1.08275,1.0823,1.08251,509
2026-03-01 18:50:00,1.08238,1.08244,1.08206,1.08236,994
2026-03-01 18:55:00,1.08181,1.0823,1.08184,1.08189,614
2026-03-01 19:00:00,1.082,1.08212,1.08174,1.08192,1250
2026-03-01 19:05:00,1.0816,1.08197,1.08158,1.0816,908
2026-03-01 19:10:00,1.08184,1.08181,1.08153,1.08174,973
2026-03-01 19:15:00,1.08147,1.08146,1.08136,1.08146,113
2026-03-01 19:20:00,1.08202,1.08227,1.08165,1.08193,1070
2026-03-01 19:25:00,1.08177,1.08176,1.08123,1.08169,1077
2026-03-01 19:30:00,1.08168,1.08164,1.08153,1.0816,1113
2026-03-01 19:35:00,1.08181,1.08201,1.08175,1.08184,1135
2026-03-01 19:40:00,1.08142,1.08191,1.08118,1.08147,186
2026-03-01 19:45:00,1.08152,1.08159,1.08122,1.08154,1008
2026-03-01 19:50:00,1.08184,1.08208,1.08183,1.08193,1424
2026-03-01 19:55:00,1.08148,1.08175,1.08137,1.08145,1366
2026-03-01 20:00:00,1.08154,1.08173,1.08144,1.0815,221
2026-03-01 20:05:00,1.08151,1.08165,1.08131,1.08158,1270
2026-03-01 20:10:00,1.08188,1.0819,1.08164,1.08182,849
2026-03-01 20:15:00,1.08136,1.08158,1.08125,1.08145,1479
2026-03-01 20:20:00,1.08115,1.0815,1.0809,1.08105,784
2026-03-01 20:25:00,1.08112,1.08125,1.0812,1.08121,408
2026-03-01 20:30:00,1.08139,1.08135,1.08125,1.0813,794
2026-03-01 20:35:00,1.08129,1.08146,1.08106,1.08137,387
2026-03-01 20:40:00,1.08146,1.08164,1.08127,1.08147,406
2026-03-01 20:45:00,1.08117,1.08144,1.08107,1.08127,1013
2026-03-01 20:50:00,1.08143,1.08151,1.0813,1.08134,761
2026-03-01 20:55:00,1.08142,1.08144,1.08142,1.08143,648
2026-03-01 21:00:00,1.08112,1.08131,1.08108,1.08121,1475
2026-03-01 21:05:00,1.08177,1.08187,1.08155,1.08177,411
2026-03-01 21:10:00,1.08189,1.08199,1.08184,1.08192,972
2026-03-01 21:15:00,1.08152,1.08177,1.08153,1.08156,1182
2026-03-01 21:20:00,1.08177,1.08186,1.08166,1.08176,1023
2026-03-01 21:25:00,1.08143,1.08151,1.0814,1.08146,854
2026-03-01 21:30:00,1.08168,1.0819,1.08121,1.0817,134
2026-03-01 21:35:00,1.08197,1.08214,1.08192,1.08205,544
2026-03-01 21:40:00,1.08189,1.08188,1.08169,1.0818,192
2026-03-01 21:45:00,1.08213,1.08224,1.08197,1.08209,1330
2026-03-01 21:50:00,1.08212,1.08239,1.0821,1.08221,452
2026-03-01 21:55:00,1.08238,1.08263,1.08233,1.08246,1002
2026-03-01 22:00:00,1.08304,1.0833,1.08279,1.08303,1455
2026-03-01 22:05:00,1.08294,1.08304,1.08268,1.08296,961
2026-03-01 22:10:00,1.08277,1.08311,1.08262,1.08273,258
2026-03-01 22:15:00,1.08252,1.08261,1.08229,1.08246,1056
2026-03-01 22:20:00,1.08223,1.08247,1.08213,1.08222,123
2026-03-01 22:25:00,1.08222,1.08255,1.08208,1.08219,503
2026-03-01 22:30:00,1.08228,1.0826,1.08217,1.0823,904
2026-03-01 22:35:00,1.08246,1.08251,1.08234,1.08238,615
2026-03-01 22:40:00,1.08254,1.08264,1.08233,1.08263,831
2026-03-01 22:45:00,1.08253,1.08269,1.08232,1.08263,1487
2026-03-01 22:50:00,1.08303,1.0833,1.08271,1.08307,631
2026-03-01 22:55:00,1.08298,1.08348,1.08287,1.08299,1055
2026-03-01 23:00:00,1.08384,1.08383,1.08372,1.0838,251
2026-03-01 23:05:00,1.08393,1.08401,1.08393,1.08399,1046
2026-03-01 23:10:00,1.08369,1.08388,1.08366,1.08373,707
2026-03-01 23:15:00,1.08348,1.08351,1.08328,1.08341,519
2026-03-01 23:20:00,1.08348,1.0836,1.08316,1.08356,1373
2026-03-01 23:25:00,1.08343,1.08365,1.08345,1.08349,1240
2026-03-01 23:30:00,1.08362,1.0838,1.08355,1.08371,965
2026-03-01 23:35:00,1.0838,1.08423,1.08357,1.08385,677
2026-03-01 23:40:00,1.08381,1.0841,1.08368,1.08383,434
2026-03-01 23:45:00,1.08359,1.08389,1.08356,1.08357,1031
2026-03-01 23:50:00,1.08303,1.08322,1.08276,1.08312,394
2026-03-01 23:55:00,1.08291,1.08318,1.08288,1.08298,854
2026-03-02 00:00:00,1.08333,1.08327,1.0832,1.08324,1494
2026-03-02 00:05:00,1.08339,1.08331,1.0833,1.0833,285
2026-03-02 00:10:00,1.08295,1.08315,1.08269,1.08293,1369
2026-03-02 00:15:00,1.08292,1.08332,1.08247,1.08298,736
2026-03-02 00:20:00,1.083,1.08341,1.08299,1.0831,1391
2026-03-02 00:25:00,1.0829,1.08286,1.08273,1.08283,1360
2026-03-02 00:30:00,1.08286,1.08297,1.08267,1.08288,629
2026-03-02 00:35:00,1.08292,1.0831,1.08276,1.0829,120
2026-03-02 00:40:00,1.08246,1.08288,1.08218,1.08255,1010
2026-03-02 00:45:00,1.08259,1.08282,1.08254,1.08266,966
2026-03-02 00:50:00,1.08276,1.08284,1.08276,1.08283,893
2026-03-02 00:55:00,1.08316,1.08341,1.08303,1.08315,199
2026-03-02 01:00:00,1.08349,1.08373,1.08325,1.08347,851
2026-03-02 01:05:00,1.08311,1.08313,1.0829,1.08306,577
2026-03-02 01:10:00,1.08287,1.08311,1.08268,1.08278,1421
2026-03-02 01:15:00,1.08286,1.08298,1.08272,1.08293,1039
2026-03-02 01:20:00,1.08302,1.08338,1.08285,1.08308,625
2026-03-02 01:25:00,1.08314,1.08329,1.08296,1.08324,433
2026-03-02 01:30:00,1.08429,1.08444,1.08426,1.08439,101
2026-03-02 01:35:00,1.08456,1.08511,1.08454,1.08457,474
2026-03-02 01:40:00,1.08486,1.08492,1.08488,1.08491,392
2026-03-02 01:45:00,1.0851,1.08524,1.08495,1.08519,936
2026-03-02 01:50:00,1.08532,1.08553,1.08523,1.08539,1104
2026-03-02 01:55:00,1.08534,1.08566,1.08522,1.08529,652
2026-03-02 02:00:00,1.08553,1.08575,1.08544,1.08552,417
2026-03-02 02:05:00,1.08536,1.08534,1.08528,1.08529,480
2026-03-02 02:10:00,1.08513,1.08544,1.08496,1.08522,113
2026-03-02 02:15:00,1.08505,1.08558,1.08503,1.08507,603
2026-03-02 02:20:00,1.08515,1.08511,1.08509,1.0851,330
2026-03-02 02:25:00,1.08576,1.08579,1.08552,1.08579,1207
2026-03-02 02:30:00,1.08521,1.08523,1.08508,1.08523,229
2026-03-02 02:35:00,1.08547,1.08548,1.08531,1.08544,937
2026-03-02 02:40:00,1.08503,1.08498,1.08452,1.08495,1268
2026-03-02 02:45:00,1.08478,1.08492,1.08475,1.08481,990
2026-03-02 02:50:00,1.08514,1.08525,1.0851,1.08514,127
2026-03-02 02:55:00,1.08511,1.08517,1.08511,1.08516,165
2026-03-02 03:00:00,1.08483,1.08494,1.08451,1.08483,1286
2026-03-02 03:05:00,1.08455,1.08476,1.0846,1.08462,1352
2026-03-02 03:10:00,1.08481,1.08484,1.08476,1.08482,360
2026-03-02 03:15:00,1.08459,1.08465,1.08448,1.0846,559
2026-03-02 03:20:00,1.08459,1.08497,1.08463,1.08467,400
2026-03-02 03:25:00,1.0847,1.08521,1.08459,1.08468,1018
2026-03-02 03:30:00,1.08456,1.08471,1.08445,1.08449,1426
2026-03-02 03:35:00,1.08522,1.08538,1.08492,1.08513,386
2026-03-02 03:40:00,1.08527,1.08573,1.08511,1.08532,1133
2026-03-02 03:45:00,1.08469,1.08478,1.08468,1.08471,729
2026-03-02 03:50:00,1.08473,1.08484,1.08463,1.08477,369
2026-03-02 03:55:00,1.08463,1.08485,1.08433,1.08457,691
2026-03-02 04:00:00,1.0849,1.08499,1.08453,1.08483,943
2026-03-02 04:05:00,1.08469,1.08481,1.08448,1.08459,961
2026-03-02 04:10:00,1.08458,1.0849,1.08447,1.08455,1484
2026-03-02 04:15:00,1.08469,1.0849,1.0844,1.08471,1380
2026-03-02 04:20:00,1.08499,1.08522,1.08496,1.08497,232
2026-03-02 04:25:00,1.08462,1.08475,1.0845,1.08461,1399
2026-03-02 04:30:00,1.08443,1.08474,1.08413,1.08451,1071
2026-03-02 04:35:00,1.08439,1.08446,1.08407,1.08436,612
2026-03-02 04:40:00,1.08417,1.08427,1.08373,1.08417,412
2026-03-02 04:45:00,1.08464,1.08494,1.08461,1.0847,675
